id,name
1,Jamal Zougam
2,Mohamed Bekkali
3,Mohamed Chaoui
4,Vinay Kholy
5,Suresh Kumar
6,Mohamed Chedadi
7,Imad Eddin Barakat
8,Abdelaziz Benyaich
9,Abu Abderrahame
10,Omar Dhegayes
11,Amer Azizi
12,Abu Musad Alsakaoui
13,Mohamed Atta
14,Ramzi Binalshibh
15,Mohamed Belfatmi
16,Said Bahaji
17,Galeb Kalaje
18,Abderrahim Zbakh
19,Farid Oulad Ali
20,José Emilio Suárez
21,Khalid Ouled Akcha
22,Rafa Zuher
23,Naima Oulad Akcha
24,Abdelkarim el Mejjati
25,Anwar Adnan Ahmad
26,Basel Ghayoun
27,S B Abdelmajid Fakhet
28,Jamal Ahmidan
29,Said Ahmidan
30,Hamid Ahmidan
31,Mustafa Ahmidan
32,Antonio Toro
33,Mohamed Oulad Akcha
34,Rachid Oulad Akcha
35,Mamoun Darkazanli
36,Fouad El Morabit Anghar
37,Abdeluahid Berrak
38,Said Berrak
39,Waanid Altaraki Almasri
40,Abddenabi Koujma
41,Otman El Gnaut
42,Abdelilah el Fouad
43,Parlindumgan Siregar
44,El Hemir
45,Anuar Asri Rifaat
46,Rachid Adli
47,Ghasoub Al Albrash
48,Said Chedadi
49,Mohamed Bahaiah
50,Taysir Alouny
51,OM. Othman Abu Qutada
52,Shakur
53,Driss Chebli
54,Abdul Fatal
55,Mohamed El Egipcio
56,Nasredine Boushoa
57,Semaan Gaby Eid
58,Emilio Llamo
59,Ivan Granados
60,Raul Gonzales Perez
61,El Gitanillo
62,Moutaz Almallah
63,Mohamed Almallah
64,Yousef Hichman
